Segment,Count,Percentage,Avg_Recency,Avg_Frequency,Avg_Monetary,Avg_OrderValue,Avg_Income,Total_Revenue,Segment_Name
0,5369,30.827974276527332,163.4000745017694,2.1920283106723786,3657.094776848575,1092.1352329357646,62261.128701806665,19634941.8569,VIP At-Risk
1,12047,69.17202572347267,155.7918983979414,1.1118950776126837,438.25391901718274,168.73924475745133,55195.484352950945,5279644.962400001,New Engaged
