Model,Accuracy,Precision,Recall,F1-Score,ROC-AUC
Logistic Regression,0.986796785304248,1.0,0.9799738789725729,0.9898856640281443,0.9998525603338151
Random Forest,1.0,1.0,1.0,1.0,1.0
XGBoost,1.0,1.0,1.0,1.0,1.0
