Model,RMSE,MAE,MAPE_%,R2
SARIMA,522995.5704012288,455600.80534741265,28.067294159122707,
Prophet,1018385.4218376968,905178.7155427765,61.497760033907646,
XGBoost,250619.31723746416,232508.15788333336,15.475100784658274,-0.48716212337506204
LightGBM,781400.5852763528,753891.2672583334,48.34050686103246,-13.456950538970222
