Model,Train Accuracy,Test Accuracy,Test F1-Score,Test ROC-AUC,CV F1-Score,CV F1-Std
Random Forest,1.0,1.0,1.0,1.0,0.9777777777777779,0.04444444444444447
XGBoost,1.0,1.0,1.0,1.0,0.9777777777777779,0.04444444444444447
